Stars,0
Five,1
the,2
and,3
Great,4
for,5
a,6
to,7
...,8
I,9
Good,10
Four,11
good,12
it,13
great,14
is,15
but,16
my,17
of,18
in,19
this,20
on,21
not,22
like,23
with,24
as,25
product,26
Works,27
Three,28
you,29
Very,30
Not,31
are,32
have,33
The,34
fit,35
price,36
very,37
Perfect,38
This,39
A,40
quality,41
Nice,42
Love,43
was,44
than,45
love,46
works,47
so,48
that,49
Excellent,50
One,51
-,52
Best,53
these,54
easy,55
It,56
best,57
your,58
be,59
well,60
taste,61
better,62
what,63
Star,64
nice,65
just,66
they,67
at,68
buy,69
use,70
flavor,71
one,72
work,73
Two,74
Easy,75
perfect,76
coffee,77
These,78
My,79
all,80
little,81
or,82
tea,83
them,84
Just,85
install,86
if,87
from,88
really,89
great.,90
out,91
replacement,92
no,93
too,94
more,95
product.,96
stuff,97
will,98
OEM,99
much,100
No,101
Delicious,102
Product,103
up,104
Quality,105
can,106
had,107
me,108
get,109
They,110
an,111
&,112
It's,113
Awesome,114
Fits,115
would,116
So,117
Fit,118
good.,119
favorite,120
light,121
made,122
when,123
time,124
Worked,125
it's,126
don't,127
car,128
Looks,129
looks,130
oil,131
used,132
look,133
do,134
money,135
it.,136
i,137
great!,138
some,139
only,140
need,141
far,142
Does,143
value,144
has,145
bad,146
price.,147
does,148
bright,149
way,150
Better,151
worth,152
Yummy,153
Tasty,154
other,155
I've,156
filter,157
it!,158
worked,159
job,160
You,161
right,162
lights,163
Tastes,164
recommend,165
were,166
ever,167
For,168
again,169
tasting,170
Really,171
after,172
any,173
about,174
"product,",175
"great,",176
product!,177
As,178
tool,179
Taste,180
fine,181
excellent,182
make,183
go,184
new,185
happy,186
snack,187
Tea,188
NOT,189
Don't,190
tasty,191
GREAT,192
Well,193
pretty,194
Buy,195
If,196
Coffee,197
off,198
fits,199
