the,0
I,1
and,2
a,3
to,4
it,5
of,6
is,7
for,8
in,9
my,10
this,11
on,12
with,13
that,14
but,15
have,16
not,17
as,18
you,19
was,20
are,21
The,22
like,23
so,24
good,25
they,26
be,27
great,28
very,29
This,30
these,31
or,32
It,33
just,34
at,35
one,36
will,37
from,38
than,39
them,40
had,41
use,42
can,43
would,44
all,45
when,46
if,47
out,48
get,49
more,50
up,51
your,52
product,53
has,54
an,55
no,56
Great,57
about,58
some,59
other,60
really,61
little,62
only,63
used,64
love,65
don't,66
it.,67
much,68
well,69
fit,70
what,71
me,72
it's,73
They,74
do,75
taste,76
were,77
buy,78
These,79
because,80
easy,81
-,82
make,83
works,84
price,85
better,86
time,87
which,88
any,89
I'm,90
work,91
too,92
quality,93
after,94
flavor,95
am,96
also,97
nice,98
I've,99
by,100
been,101
My,102
bought,103
even,104
If,105
off,106
Good,107
made,108
Very,109
i,110
need,111
did,112
over,113
does,114
car,115
It's,116
put,117
then,118
coffee,119
into,120
there,121
tea,122
still,123
best,124
light,125
back,126
how,127
using,128
bit,129
Works,130
could,131
way,132
two,133
find,134
new,135
we,136
got,137
perfect,138
go,139
recommend,140
didn't,141
A,142
sure,143
first,144
without,145
Not,146
product.,147
2,148
look,149
oil,150
its,151
keep,152
few,153
right,154
now,155
great.,156
long,157
tried,158
see,159
So,160
old,161
install,162
lot,163
want,164
think,165
same,166
their,167
before,168
know,169
You,170
enough,171
good.,172
water,173
small,174
our,175
well.,176
try,177
should,178
makes,179
many,180
last,181
found,182
Love,183
doesn't,184
We,185
again.,186
them.,187
looks,188
But,189
&,190
Just,191
less,192
worked,193
add,194
never,195
down,196
most,197
since,198
every,199
